{
    "objects": [
        {
            "2d": {
                "amodal": [
                    968.4793759813638,
                    380.1487121087409,
                    53.58406391477479,
                    46.43970834078067
                ],
                "modal": [
                    968.4793759813638,
                    380.1487121087409,
                    53.58406391477479,
                    46.43970834078067
                ]
            },
            "3d": {
                "center": [
                    77.48969884169726,
                    2.18734708037797,
                    1.3127371385800017
                ],
                "dimensions": [
                    4.1171875,
                    1.69140625,
                    1.365234375
                ],
                "rotation": [
                    0.9996813931896358,
                    0.02499724280597569,
                    -0.0034989009576937113,
                    8.749066220691097e-05
                ],
                "yaw": -0.88671875
            },
            "label": "car",
            "score": 0.91748046875
        },
        {
            "2d": {
                "amodal": [
                    1125.4268260379984,
                    373.5351253399295,
                    115.57657223362412,
                    95.61041844683257
                ],
                "modal": [
                    1125.4268260379984,
                    373.5351253399295,
                    115.57657223362412,
                    95.61041844683257
                ]
            },
            "3d": {
                "center": [
                    41.20882120691216,
                    -2.108529497437621,
                    0.8950311935120174
                ],
                "dimensions": [
                    4.390625,
                    1.75,
                    1.501953125
                ],
                "rotation": [
                    0.9996813931896358,
                    0.02499724280597569,
                    -0.0034989009576937113,
                    8.749066220691097e-05
                ],
                "yaw": -0.93994140625
            },
            "label": "car",
            "score": 0.58154296875
        },
        {
            "2d": {
                "amodal": [
                    0,
                    0,
                    441.80990747282766,
                    336.64150773862576
                ],
                "modal": [
                    0,
                    0,
                    441.80990747282766,
                    336.64150773862576
                ]
            },
            "3d": {
                "center": [
                    13.749101300545094,
                    4.665318867667301,
                    2.472217306865681
                ],
                "dimensions": [
                    4.375,
                    1.76953125,
                    1.4599609375
                ],
                "rotation": [
                    0.9996813931896358,
                    0.02499724280597569,
                    -0.0034989009576937113,
                    8.749066220691097e-05
                ],
                "yaw": -0.8583984375
            },
            "label": "car",
            "score": 0.27294921875
        },
        {
            "2d": {
                "amodal": [
                    1302.4146419545525,
                    411.0923815947548,
                    272.14546507312116,
                    191.12778094110286
                ],
                "modal": [
                    1302.4146419545525,
                    411.0923815947548,
                    272.14546507312116,
                    191.12778094110286
                ]
            },
            "3d": {
                "center": [
                    23.019458247577955,
                    -3.47822968464756,
                    0.22249539365958493
                ],
                "dimensions": [
                    4.5390625,
                    1.77734375,
                    1.6357421875
                ],
                "rotation": [
                    0.9996813932021962,
                    0.024997242805661613,
                    -0.0034988973690441754,
                    8.749075194184492e-05
                ],
                "yaw": 3.119140625
            },
            "label": "car",
            "score": 0.03173828125
        },
        {
            "2d": {
                "amodal": [
                    982.6299204952337,
                    377.5872906865343,
                    64.56323948773058,
                    58.841448741339036
                ],
                "modal": [
                    982.6299204952337,
                    377.5872906865343,
                    64.56323948773058,
                    58.841448741339036
                ]
            },
            "3d": {
                "center": [
                    64.04134160314432,
                    1.2324570025770414,
                    1.1774052680574487
                ],
                "dimensions": [
                    4.19921875,
                    1.7099609375,
                    1.4345703125
                ],
                "rotation": [
                    0.9996813931896358,
                    0.02499724280597569,
                    -0.0034989009576937113,
                    8.749066220691097e-05
                ],
                "yaw": -0.87646484375
            },
            "label": "car",
            "score": 0.0225830078125
        },
        {
            "2d": {
                "amodal": [
                    986.7203115840306,
                    377.56497064831103,
                    64.56642542643192,
                    58.88999324658067
                ],
                "modal": [
                    986.7203115840306,
                    377.56497064831103,
                    64.56642542643192,
                    58.88999324658067
                ]
            },
            "3d": {
                "center": [
                    64.04211025861484,
                    1.1226508717514891,
                    1.1774052680574487
                ],
                "dimensions": [
                    4.1875,
                    1.712890625,
                    1.4365234375
                ],
                "rotation": [
                    0.9996813931896358,
                    0.02499724280597569,
                    -0.0034989009576937113,
                    8.749066220691097e-05
                ],
                "yaw": -0.8798828125
            },
            "label": "car",
            "score": 0.0225830078125
        },
        {
            "2d": {
                "amodal": [
                    1081.4052100025106,
                    372.69735649674163,
                    89.10678526761399,
                    75.29531562149884
                ],
                "modal": [
                    1081.4052100025106,
                    372.69735649674163,
                    89.10678526761399,
                    75.29531562149884
                ]
            },
            "3d": {
                "center": [
                    48.59296068141592,
                    -1.3275446928830745,
                    1.093987441730542
                ],
                "dimensions": [
                    4.1171875,
                    1.69921875,
                    1.3828125
                ],
                "rotation": [
                    0.9996813931896358,
                    0.02499724280597569,
                    -0.0034989009576937113,
                    8.749066220691097e-05
                ],
                "yaw": -0.85693359375
            },
            "label": "car",