{
    "objects": [
        {
            "2d": {
                "amodal": [
                    1052.5389214130644,
                    393.11265712245705,
                    56.60681573820807,
                    52.22047458471235
                ],
                "modal": [
                    1052.5389214130644,
                    393.11265712245705,
                    56.60681573820807,
                    52.22047458471235
                ]
            },
            "3d": {
                "center": [
                    74.68496242081905,
                    -0.597074383948448,
                    0.784335743564285
                ],
                "dimensions": [
                    4.33984375,
                    1.7578125,
                    1.515625
                ],
                "rotation": [
                    0.9996813931896358,
                    0.02499724280597569,
                    -0.0034989009576937113,
                    8.749066220691097e-05
                ],
                "yaw": -0.93359375
            },
            "label": "car",
            "score": 0.705078125
        },
        {
            "2d": {
                "amodal": [
                    931.9809433355479,
                    407.4427742030531,
                    46.971700156826614,
                    40.20176479031272
                ],
                "modal": [
                    931.9809433355479,
                    407.4427742030531,
                    46.971700156826614,
                    40.20176479031272
                ]
            },
            "3d": {
                "center": [
                    95.34748878098281,
                    4.378336366348448,
                    0.3359921227833398
                ],
                "dimensions": [
                    4.25,
                    1.763671875,
                    1.515625
                ],
                "rotation": [
                    0.9996813931896358,
                    0.02499724280597569,
                    -0.0034989009576937113,
                    8.749066220691097e-05
                ],
                "yaw": -0.9541015625
            },
            "label": "car",
            "score": 0.68505859375
        },
        {
            "2d": {
                "amodal": [
                    969.4756208658303,
                    400.07237235154963,
                    44.06408281129086,
                    38.98405797784835
                ],
                "modal": [
                    969.4756208658303,
                    400.07237235154963,
                    44.06408281129086,
                    38.98405797784835
                ]
            },
            "3d": {
                "center": [
                    95.37470298219328,
                    2.892983735964042,
                    0.6720348261782745
                ],
                "dimensions": [
                    4.18359375,
                    1.712890625,
                    1.4521484375
                ],
                "rotation": [
                    0.9996813931896358,
                    0.02499724280597569,
                    -0.0034989009576937113,
                    8.749066220691097e-05
                ],
                "yaw": -0.93701171875
            },
            "label": "car",
            "score": 0.61865234375
        },
        {
            "2d": {
                "amodal": [
                    707.5746879501571,
                    324.6033665981169,
                    107.92823148435627,
                    90.65853376616292
                ],
                "modal": [
                    707.5746879501571,
                    324.6033665981169,
                    107.92823148435627,
                    90.65853376616292
                ]
            },
            "3d": {
                "center": [
                    51.94803960439997,
                    6.5498849651844955,
                    1.9887608709049542
                ],
                "dimensions": [
                    4.578125,
                    1.80859375,
                    1.7373046875
                ],
                "rotation": [
                    0.9996813931896358,
                    0.02499724280597569,
                    -0.0034989009576937113,
                    8.749066220691097e-05
                ],
                "yaw": -0.86865234375
            },
            "label": "car",
            "score": 0.061431884765625
        },
        {
            "2d": {
                "amodal": [
                    726.9072800506467,
                    275.08333488723366,
                    164.5536793216503,
                    171.61648195846766
                ],
                "modal": [
                    726.9072800506467,
                    275.08333488723366,
                    164.5536793216503,
                    171.61648195846766
                ]
            },
            "3d": {
                "center": [
                    35.41507510491531,
                    3.589016066507884,
                    1.7829572115699892
                ],
                "dimensions": [
                    5.578125,
                    1.853515625,
                    2.19921875
                ],
                "rotation": [
                    0.9996813931896358,
                    0.02499724280597569,
                    -0.0034989009576937113,
                    8.749066220691097e-05
                ],
                "yaw": -0.892578125
            },
            "label": "car",
            "score": 0.050140380859375
        },
        {
            "2d": {
                "amodal": [
                    803.304742960836,
                    384.26936859550136,
                    122.20711681082526,
                    105.27323822499926
                ],
                "modal": [
                    803.304742960836,
                    384.26936859550136,
                    122.20711681082526,
                    105.27323822499926
                ]
            },
            "3d": {
                "center": [
                    42.16899840077253,
                    3.4062657733642174,
                    0.5971264631664663
                ],
                "dimensions": [
                    4.7578125,
                    1.7939453125,
                    1.73828125
                ],
                "rotation": [
                    0.9996813931896358,
                    0.02499724280597569,
                    -0.0034989009576937113,
                    8.749066220691097e-05
                ],
                "yaw": -1.201171875
            },
            "label": "car",
            "score": 0.04931640625
        },
        {
            "2d": {
                "amodal": [
                    322.62778564798344,
                    7.928460854858847,
                    419.9860636520976,
                    334.20320019138325
                ],
                "modal": [
                    322.62778564798344,
                    7.928460854858847,
                    419.9860636520976,
                    334.20320019138325
                ]
            },
            "3d": {
                "center": [
                    16.53468526681286,
                    3.1594993537164466,
                    2.558041799975256
                ],
                "dimensions": [
                    4.4140625,
                    1.73046875,
                    1.53515625
                ],
                "rotation": [
                    0.9996813931896358,
                    0.02499724280597569,
                    -0.0034989009576937113,
                    8.749066220691097e-05
                ],
                "yaw": -0.7978515625
            },
            "label": "car",