{
    "objects": [
        {
            "2d": {
                "amodal": [
                    1196.732064237488,
                    362.9619427369629,
                    107.71330181937606,
                    85.94494929829733
                ],
                "modal": [
                    1196.732064237488,
                    362.9619427369629,
                    107.71330181937606,
                    85.94494929829733
                ]
            },
            "3d": {
                "center": [
                    46.4378089183366,
                    -3.711589188929496,
                    1.1781392952479057
                ],
                "dimensions": [
                    4.29296875,
                    1.73828125,
                    1.505859375
                ],
                "rotation": [
                    0.9996813931896358,
                    0.02499724280597569,
                    -0.0034989009576937113,
                    8.749066220691097e-05
                ],
                "yaw": -0.97119140625
            },
            "label": "car",
            "score": 0.89208984375
        },
        {
            "2d": {
                "amodal": [
                    1167.232965880218,
                    369.08774531282467,
                    50.74433807522337,
                    44.75702788473143
                ],
                "modal": [
                    1167.232965880218,
                    369.08774531282467,
                    50.74433807522337,
                    44.75702788473143
                ]
            },
            "3d": {
                "center": [
                    95.49132730525677,
                    -5.359205039411138,
                    1.848186041058532
                ],
                "dimensions": [
                    4.46484375,
                    1.810546875,
                    1.6259765625
                ],
                "rotation": [
                    0.9996813931896358,
                    0.02499724280597569,
                    -0.0034989009576937113,
                    8.749066220691097e-05
                ],
                "yaw": -0.8154296875
            },
            "label": "car",
            "score": 0.88623046875
        },
        {
            "2d": {
                "amodal": [
                    1271.7729690330925,
                    364.68521078005494,
                    172.48339625735525,
                    118.37387246945389
                ],
                "modal": [
                    1271.7729690330925,
                    364.68521078005494,
                    172.48339625735525,
                    118.37387246945389
                ]
            },
            "3d": {
                "center": [
                    31.828618023842512,
                    -3.9115713948297826,
                    0.90879395399288
                ],
                "dimensions": [
                    4.1953125,
                    1.71484375,
                    1.419921875
                ],
                "rotation": [
                    0.9996813931896358,
                    0.02499724280597569,
                    -0.0034989009576937113,
                    8.749066220691097e-05
                ],
                "yaw": -0.93603515625
            },
            "label": "car",
            "score": 0.62548828125
        },
        {
            "2d": {
                "amodal": [
                    952.2245926832676,
                    375.04013310280607,
                    69.09949167603452,
                    63.6613498872436
                ],
                "modal": [
                    952.2245926832676,
                    375.04013310280607,
                    69.09949167603452,
                    63.6613498872436
                ]
            },
            "3d": {
                "center": [
                    62.76577318624644,
                    1.9582850651971144,
                    1.1774580182722445
                ],
                "dimensions": [
                    4.328125,
                    1.740234375,
                    1.5263671875
                ],
                "rotation": [
                    0.9996813931896358,
                    0.02499724280597569,
                    -0.0034989009576937113,
                    8.749066220691097e-05
                ],
                "yaw": -1.2841796875
            },
            "label": "car",
            "score": 0.5703125
        },
        {
            "2d": {
                "amodal": [
                    1251.0850732284084,
                    358.3635239701763,
                    156.04811039797278,
                    115.6968761759864
                ],
                "modal": [
                    1251.0850732284084,
                    358.3635239701763,
                    156.04811039797278,
                    115.6968761759864
                ]
            },
            "3d": {
                "center": [
                    34.50897432913503,
                    -3.8459904496415125,
                    1.002270413423344
                ],
                "dimensions": [
                    4.2890625,
                    1.72265625,
                    1.50390625
                ],
                "rotation": [
                    0.9996813931896358,
                    0.02499724280597569,
                    -0.0034989009576937113,
                    8.749066220691097e-05
                ],
                "yaw": -0.908203125
            },
            "label": "car",
            "score": 0.059967041015625
        },
        {
            "2d": {
                "amodal": [
                    974.0093029405135,
                    375.9446511679282,
                    65.71024544626505,
                    61.96880425524279
                ],
                "modal": [
                    974.0093029405135,
                    375.9446511679282,
                    65.71024544626505,
                    61.96880425524279
                ]
            },
            "3d": {
                "center": [
                    64.03980430425757,
                    1.4520675422112292,
                    1.1774052680574487
                ],
                "dimensions": [
                    4.3046875,
                    1.724609375,
                    1.5166015625
                ],
                "rotation": [
                    0.9996813932021962,
                    0.024997242805661613,
                    -0.0034988973690441754,
                    8.749075194184492e-05
                ],
                "yaw": 2.962890625
            },
            "label": "car",
            "score": 0.0253753662109375
        },
        {
            "2d": {
                "amodal": [
                    1342.483407123471,
                    366.6905706990552,
                    156.6203975270421,
                    108.00734142668955
                ],
                "modal": [
                    1342.483407123471,
                    366.6905706990552,
                    156.6203975270421,
                    108.00734142668955
                ]
            },
            "3d": {
                "center": [
                    37.315132180528046,
                    -5.607179782073948,
                    0.9233024450288947
                ],
                "dimensions": [
                    4.3515625,
                    1.740234375,
                    1.5322265625
                ],
                "rotation": [
                    0.9996813931896358,
                    0.02499724280597569,
                    -0.0034989009576937113,
                    8.749066220691097e-05
                ],
                "yaw": -0.87646484375
            },
            "label": "car",