{
    "objects": [
        {
            "2d": {
                "amodal": [
                    1074.2328923448404,
                    0,
                    415.45553474646636,
                    368.13600363923206
                ],
                "modal": [
                    1074.2328923448404,
                    0,
                    415.45553474646636,
                    368.13600363923206
                ]
            },
            "3d": {
                "center": [
                    13.78047779708856,
                    -1.0491610721855686,
                    2.2998549843240097
                ],
                "dimensions": [
                    4.38671875,
                    1.7470703125,
                    1.515625
                ],
                "rotation": [
                    0.9996813931896358,
                    0.02499724280597569,
                    -0.0034989009576937113,
                    8.749066220691097e-05
                ],
                "yaw": -1.47265625
            },
            "label": "car",
            "score": 0.038238525390625
        },
        {
            "2d": {
                "amodal": [
                    1581.7323103190595,
                    454.08937538909225,
                    465.2676896809405,
                    283.2279083759743
                ],
                "modal": [
                    1581.7323103190595,
                    454.08937538909225,
                    465.2676896809405,
                    283.2279083759743
                ]
            },
            "3d": {
                "center": [
                    16.463655823807777,
                    -4.889011830169496,
                    0.012828514753618458
                ],
                "dimensions": [
                    4.5234375,
                    1.779296875,
                    1.591796875
                ],
                "rotation": [
                    0.9996813931896358,
                    0.02499724280597569,
                    -0.0034989009576937113,
                    8.749066220691097e-05
                ],
                "yaw": -1.525390625
            },
            "label": "car",
            "score": 0.019195556640625
        },
        {
            "2d": {
                "amodal": [
                    1776.3039601057285,
                    0,
                    270.6960398942715,
                    209.6875815812216
                ],
                "modal": [
                    1776.3039601057285,
                    0,
                    270.6960398942715,
                    209.6875815812216
                ]
            },
            "3d": {
                "center": [
                    17.270409133535487,
                    -6.732758796598082,
                    3.9923977059545095
                ],
                "dimensions": [
                    5.5078125,
                    1.859375,
                    2.12890625
                ],
                "rotation": [
                    0.9996813932021962,
                    0.024997242805661613,
                    -0.0034988973690441754,
                    8.749075194184492e-05
                ],
                "yaw": 0.0361328125
            },
            "label": "car",
            "score": 0.0169830322265625
        },
        {
            "2d": {
                "amodal": [
                    1032.2143266700048,
                    0,
                    418.42368358427643,
                    364.73288024185365
                ],
                "modal": [
                    1032.2143266700048,
                    0,
                    418.42368358427643,
                    364.73288024185365
                ]
            },
            "3d": {
                "center": [
                    13.784386938352284,
                    -0.8374779864111875,
                    2.407581422217257
                ],
                "dimensions": [
                    4.66015625,
                    1.7841796875,
                    1.6689453125
                ],
                "rotation": [
                    0.9996813931896358,
                    0.02499724280597569,
                    -0.0034989009576937113,
                    8.749066220691097e-05
                ],
                "yaw": -0.90869140625
            },
            "label": "car",
            "score": 0.015716552734375
        },
        {
            "2d": {
                "amodal": [
                    630.6979939295527,
                    434.2305483517121,
                    146.21382763140127,
                    95.24381206843333
                ],
                "modal": [
                    630.6979939295527,
                    434.2305483517121,
                    146.21382763140127,
                    95.24381206843333
                ]
            },
            "3d": {
                "center": [
                    39.11692508280728,
                    5.789594634584208,
                    -0.09967484811161387
                ],
                "dimensions": [
                    4.30078125,
                    1.76171875,
                    1.51171875
                ],
                "rotation": [
                    0.9996813931896358,
                    0.02499724280597569,
                    -0.0034989009576937113,
                    8.749066220691097e-05
                ],
                "yaw": -0.888671875
            },
            "label": "car",
            "score": 0.01554107666015625
        },
        {
            "2d": {
                "amodal": [
                    626.353786668169,
                    433.64366154198353,
                    146.81427921287718,
                    96.38860471357123
                ],
                "modal": [
                    626.353786668169,
                    433.64366154198353,
                    146.81427921287718,
                    96.38860471357123
                ]
            },
            "3d": {
                "center": [
                    39.11646251653845,
                    5.855674450806557,
                    -0.09967484811161387
                ],
                "dimensions": [
                    4.328125,
                    1.759765625,
                    1.529296875
                ],
                "rotation": [
                    0.9996813931896358,
                    0.02499724280597569,
                    -0.0034989009576937113,
                    8.749066220691097e-05
                ],
                "yaw": -0.8818359375
            },
            "label": "car",
            "score": 0.01554107666015625
        },
        {
            "2d": {
                "amodal": [
                    4.338148870336336,
                    403.2228420495255,
                    246.4664382301893,
                    122.02508815525584
                ],
                "modal": [
                    4.338148870336336,
                    403.2228420495255,
                    246.4664382301893,
                    122.02508815525584
                ]
            },
            "3d": {
                "center": [
                    35.26881996947437,
                    13.681030587821235,
                    0.2720570058141273
                ],
                "dimensions": [
                    4.60546875,
                    1.7880859375,
                    1.7197265625
                ],
                "rotation": [
                    0.9996813932021962,
                    0.024997242805661613,
                    -0.0034988973690441754,
                    8.749075194184492e-05
                ],
                "yaw": 3.1328125
            },
            "label": "car",