{
    "objects": [
        {
            "2d": {
                "amodal": [
                    829.1809867008973,
                    382.20186837534436,
                    202.2502744545285,
                    160.7231233612447
                ],
                "modal": [
                    829.1809867008973,
                    382.20186837534436,
                    202.2502744545285,
                    160.7231233612447
                ]
            },
            "3d": {
                "center": [
                    23.735360049224344,
                    1.1101128978276402,
                    0.5854843146229916
                ],
                "dimensions": [
                    4.2265625,
                    1.7451171875,
                    1.439453125
                ],
                "rotation": [
                    0.9996813931896358,
                    0.02499724280597569,
                    -0.0034989009576937113,
                    8.749066220691097e-05
                ],
                "yaw": -0.9814453125
            },
            "label": "car",
            "score": 0.94189453125
        },
        {
            "2d": {
                "amodal": [
                    164.08696626499835,
                    397.9977747076304,
                    360.10302039675497,
                    190.23233132365937
                ],
                "modal": [
                    164.08696626499835,
                    397.9977747076304,
                    360.10302039675497,
                    190.23233132365937
                ]
            },
            "3d": {
                "center": [
                    20.855721026819506,
                    5.832451753336234,
                    0.42053768676130243
                ],
                "dimensions": [
                    4.23828125,
                    1.7333984375,
                    1.4609375
                ],
                "rotation": [
                    0.9996813931896358,
                    0.02499724280597569,
                    -0.0034989009576937113,
                    8.749066220691097e-05
                ],
                "yaw": -0.95849609375
            },
            "label": "car",
            "score": 0.83544921875
        },
        {
            "2d": {
                "amodal": [
                    802.265297213961,
                    408.31288521654216,
                    80.58735149881863,
                    61.18607599004525
                ],
                "modal": [
                    802.265297213961,
                    408.31288521654216,
                    80.58735149881863,
                    61.18607599004525
                ]
            },
            "3d": {
                "center": [
                    61.43961488533369,
                    5.70839943557681,
                    0.3195080906892789
                ],
                "dimensions": [
                    4.2734375,
                    1.734375,
                    1.48828125
                ],
                "rotation": [
                    0.9996813931896358,
                    0.02499724280597569,
                    -0.0034989009576937113,
                    8.749066220691097e-05
                ],
                "yaw": -0.90673828125
            },
            "label": "car",
            "score": 0.580078125
        },
        {
            "2d": {
                "amodal": [
                    621.1830781035661,
                    407.45312830767955,
                    141.4490878701249,
                    99.34527659910856
                ],
                "modal": [
                    621.1830781035661,
                    407.45312830767955,
                    141.4490878701249,
                    99.34527659910856
                ]
            },
            "3d": {
                "center": [
                    42.12934052373983,
                    6.474811427735677,
                    0.2338842429017185
                ],
                "dimensions": [
                    4.68359375,
                    1.787109375,
                    1.67578125
                ],
                "rotation": [
                    0.9996813931896358,
                    0.02499724280597569,
                    -0.0034989009576937113,
                    8.749066220691097e-05
                ],
                "yaw": -0.96142578125
            },
            "label": "car",
            "score": 0.5751953125
        },
        {
            "2d": {
                "amodal": [
                    1104.89133991775,
                    388.9600062853543,
                    47.34144933937,
                    45.01118467627015
                ],
                "modal": [
                    1104.89133991775,
                    388.9600062853543,
                    47.34144933937,
                    45.01118467627015
                ]
            },
            "3d": {
                "center": [
                    95.43080173376718,
                    -2.718665834548162,
                    1.008077529573206
                ],
                "dimensions": [
                    4.4453125,
                    1.796875,
                    1.677734375
                ],
                "rotation": [
                    0.9996813931896358,
                    0.02499724280597569,
                    -0.0034989009576937113,
                    8.749066220691097e-05
                ],
                "yaw": -0.82080078125
            },
            "label": "car",
            "score": 0.184326171875
        },
        {
            "2d": {
                "amodal": [
                    659.3814506207412,
                    398.5330758177634,
                    71.23745336363754,
                    49.543157905254816
                ],
                "modal": [
                    659.3814506207412,
                    398.5330758177634,
                    71.23745336363754,
                    49.543157905254816
                ]
            },
            "3d": {
                "center": [
                    77.38561531097791,
                    12.19882933743823,
                    0.633280375226746
                ],
                "dimensions": [
                    4.25,
                    1.71484375,
                    1.501953125
                ],
                "rotation": [
                    0.9996813931896358,
                    0.02499724280597569,
                    -0.0034989009576937113,
                    8.749066220691097e-05
                ],
                "yaw": -0.84912109375
            },
            "label": "car",
            "score": 0.050506591796875
        },
        {
            "2d": {
                "amodal": [
                    639.4306950067393,
                    409.44136074593655,
                    55.94100461793164,
                    36.3392924747086
                ],
                "modal": [
                    639.4306950067393,
                    409.44136074593655,
                    55.94100461793164,
                    36.3392924747086
                ]
            },
            "3d": {
                "center": [
                    95.26430120361026,
                    16.262081886018002,
                    0.3359921227833398
                ],
                "dimensions": [
                    4.0078125,
                    1.634765625,
                    1.36328125
                ],
                "rotation": [
                    0.9996813931896358,
                    0.02499724280597569,
                    -0.0034989009576937113,
                    8.749066220691097e-05
                ],
                "yaw": -0.8427734375
            },
            "label": "car",