{
    "objects": [
        {
            "2d": {
                "amodal": [
                    977.1576063815355,
                    353.84210270203897,
                    82.54426792398294,
                    102.96387686099439
                ],
                "modal": [
                    977.1576063815355,
                    353.84210270203897,
                    82.54426792398294,
                    102.96387686099439
                ]
            },
            "3d": {
                "center": [
                    56.62294567968217,
                    0.977145866459434,
                    1.1777143179568792
                ],
                "dimensions": [
                    5.703125,
                    1.892578125,
                    2.24609375
                ],
                "rotation": [
                    0.9996813931896358,
                    0.02499724280597569,
                    -0.0034989009576937113,
                    8.749066220691097e-05
                ],
                "yaw": -0.9462890625
            },
            "label": "car",
            "score": 0.76513671875
        },
        {
            "2d": {
                "amodal": [
                    1351.1309331026575,
                    376.2841564649344,
                    59.14881860045239,
                    46.32675164299292
                ],
                "modal": [
                    1351.1309331026575,
                    376.2841564649344,
                    59.14881860045239,
                    46.32675164299292
                ]
            },
            "3d": {
                "center": [
                    95.52881456918627,
                    -13.116767887014497,
                    1.5121433376636004
                ],
                "dimensions": [
                    4.46484375,
                    1.787109375,
                    1.7080078125
                ],
                "rotation": [
                    0.9996813932021962,
                    0.024997242805661613,
                    -0.0034988973690441754,
                    8.749075194184492e-05
                ],
                "yaw": 3.109375
            },
            "label": "car",
            "score": 0.3154296875
        },
        {
            "2d": {
                "amodal": [
                    324.9753373265951,
                    137.24802748210493,
                    509.9546724211335,
                    368.1337166702213
                ],
                "modal": [
                    324.9753373265951,
                    137.24802748210493,
                    509.9546724211335,
                    368.1337166702213
                ]
            },
            "3d": {
                "center": [
                    13.715614739136283,
                    2.2098802752972144,
                    1.4595885934568782
                ],
                "dimensions": [
                    4.5234375,
                    1.763671875,
                    1.5830078125
                ],
                "rotation": [
                    0.9996813931896358,
                    0.02499724280597569,
                    -0.0034989009576937113,
                    8.749066220691097e-05
                ],
                "yaw": -0.90771484375
            },
            "label": "car",
            "score": 0.05340576171875
        },
        {
            "2d": {
                "amodal": [
                    351.60026402914696,
                    107.01448232560973,
                    555.469588971276,
                    411.1296257953869
                ],
                "modal": [
                    351.60026402914696,
                    107.01448232560973,
                    555.469588971276,
                    411.1296257953869
                ]
            },
            "3d": {
                "center": [
                    12.217572590315315,
                    1.6436868568409106,
                    1.4246857277162004
                ],
                "dimensions": [
                    4.4375,
                    1.751953125,
                    1.5283203125
                ],
                "rotation": [
                    0.9996813931896358,
                    0.02499724280597569,
                    -0.0034989009576937113,
                    8.749066220691097e-05
                ],
                "yaw": -0.81103515625
            },
            "label": "car",
            "score": 0.0177154541015625
        },
        {
            "2d": {
                "amodal": [
                    1598.2901014500558,
                    391.3159368196053,
                    191.0630270071722,
                    106.8564051555623
                ],
                "modal": [
                    1598.2901014500558,
                    391.3159368196053,
                    191.0630270071722,
                    106.8564051555623
                ]
            },
            "3d": {
                "center": [
                    37.325809959494606,
                    -9.869316086738328,
                    0.5404779224263374
                ],
                "dimensions": [
                    4.33203125,
                    1.76171875,
                    1.5615234375
                ],
                "rotation": [
                    0.9996813931896358,
                    0.02499724280597569,
                    -0.0034989009576937113,
                    8.749066220691097e-05
                ],
                "yaw": -0.76953125
            },
            "label": "car",
            "score": 0.01395416259765625
        },
        {
            "2d": {
                "amodal": [
                    482.87666492834614,
                    127.79630644355083,
                    454.5832823252722,
                    358.43885961562285
                ],
                "modal": [
                    482.87666492834614,
                    127.79630644355083,
                    454.5832823252722,
                    358.43885961562285
                ]
            },
            "3d": {
                "center": [
                    13.724520062753534,
                    1.5538106093241812,
                    1.5457698095089012
                ],
                "dimensions": [
                    4.41796875,
                    1.74609375,
                    1.51171875
                ],
                "rotation": [
                    0.9996813931896358,
                    0.02499724280597569,
                    -0.0034989009576937113,
                    8.749066220691097e-05
                ],
                "yaw": -0.5693359375
            },
            "label": "car",
            "score": 0.01384735107421875
        },
        {
            "2d": {
                "amodal": [
                    1320.7898932957808,
                    390.94612029216614,
                    142.4193696443117,
                    92.89045542498434
                ],
                "modal": [
                    1320.7898932957808,
                    390.94612029216614,
                    142.4193696443117,
                    92.89045542498434
                ]
            },
            "3d": {
                "center": [
                    40.219521627147245,
                    -5.584308991477777,
                    0.6260930653237631
                ],
                "dimensions": [
                    4.3203125,
                    1.7607421875,
                    1.4462890625
                ],
                "rotation": [
                    0.9996813931896358,
                    0.02499724280597569,
                    -0.0034989009576937113,
                    8.749066220691097e-05
                ],
                "yaw": -0.8056640625
            },
            "label": "car",