{
    "objects": [
        {
            "2d": {
                "amodal": [
                    1543.8757038605452,
                    661.9826880026661,
                    424.11411087257693,
                    281.0562068937502
                ],
                "modal": [
                    1543.8757038605452,
                    661.9826880026661,
                    424.11411087257693,
                    281.0562068937502
                ]
            },
            "3d": {
                "center": [
                    18.207017387559425,
                    -4.953776796200786,
                    -1.6203706248331933
                ],
                "dimensions": [
                    4.37109375,
                    1.7392578125,
                    1.5390625
                ],
                "rotation": [
                    0.9996813932021962,
                    0.024997242805661613,
                    -0.0034988973690441754,
                    8.749075194184492e-05
                ],
                "yaw": 3.12890625
            },
            "label": "car",
            "score": 0.03448486328125
        },
        {
            "2d": {
                "amodal": [
                    989.8801984719964,
                    367.90731588425604,
                    82.76963048554717,
                    76.93113378503762
                ],
                "modal": [
                    989.8801984719964,
                    367.90731588425604,
                    82.76963048554717,
                    76.93113378503762
                ]
            },
            "3d": {
                "center": [
                    51.94897251022166,
                    0.6199372727383387,
                    1.1779090194350157
                ],
                "dimensions": [
                    4.24609375,
                    1.75390625,
                    1.51953125
                ],
                "rotation": [
                    0.9996813931896358,
                    0.02499724280597569,
                    -0.0034989009576937113,
                    8.749066220691097e-05
                ],
                "yaw": -0.8662109375
            },
            "label": "car",
            "score": 0.017578125
        },
        {
            "2d": {
                "amodal": [
                    987.3536522895328,
                    370.9189962318263,
                    87.73818971834987,
                    78.65199087565503
                ],
                "modal": [
                    987.3536522895328,
                    370.9189962318263,
                    87.73818971834987,
                    78.65199087565503
                ]
            },
            "3d": {
                "center": [
                    48.579665796237684,
                    0.5716935967926798,
                    1.093987441730542
                ],
                "dimensions": [
                    4.1796875,
                    1.73046875,
                    1.4501953125
                ],
                "rotation": [
                    0.9996813931896358,
                    0.02499724280597569,
                    -0.0034989009576937113,
                    8.749066220691097e-05
                ],
                "yaw": -0.87646484375
            },
            "label": "car",
            "score": 0.017578125
        },
        {
            "2d": {
                "amodal": [
                    1813.7902786990876,
                    271.0501539047466,
                    233.2097213009124,
                    136.5280291579818
                ],
                "modal": [
                    1813.7902786990876,
                    271.0501539047466,
                    233.2097213009124,
                    136.5280291579818
                ]
            },
            "3d": {
                "center": [
                    34.62591044780993,
                    -12.56574648850132,
                    2.119247866278712
                ],
                "dimensions": [
                    4.49609375,
                    1.78125,
                    1.6455078125
                ],
                "rotation": [
                    0.9996813931896358,
                    0.02499724280597569,
                    -0.0034989009576937113,
                    8.749066220691097e-05
                ],
                "yaw": -0.79052734375
            },
            "label": "car",
            "score": 0.01678466796875
        },
        {
            "2d": {
                "amodal": [
                    858.1653503820546,
                    0,
                    277.50798791561397,
                    313.2538220623022
                ],
                "modal": [
                    858.1653503820546,
                    0,
                    277.50798791561397,
                    313.2538220623022
                ]
            },
            "3d": {
                "center": [
                    18.396487909079806,
                    0.3434062391474513,
                    2.906770140172714
                ],
                "dimensions": [
                    4.54296875,
                    1.751953125,
                    1.6259765625
                ],
                "rotation": [
                    0.9996813932021962,
                    0.024997242805661613,
                    -0.0034988973690441754,
                    8.749075194184492e-05
                ],
                "yaw": 3.1015625
            },
            "label": "car",
            "score": 0.0161590576171875
        },
        {
            "2d": {
                "amodal": [
                    1006.8639234422221,
                    726.6047142820371,
                    476.09221628249475,
                    296.3952857179629
                ],
                "modal": [
                    1006.8639234422221,
                    726.6047142820371,
                    476.09221628249475,
                    296.3952857179629
                ]
            },
            "3d": {
                "center": [
                    12.099371533501593,
                    -0.7466491114206258,
                    -1.2716725783930751
                ],
                "dimensions": [
                    4.37890625,
                    1.7451171875,
                    1.4931640625
                ],
                "rotation": [
                    0.9996813931896358,
                    0.02499724280597569,
                    -0.0034989009576937113,
                    8.749066220691097e-05
                ],
                "yaw": -0.529296875
            },
            "label": "car",
            "score": 0.016021728515625
        },
        {
            "2d": {
                "amodal": [
                    1789.7087725739273,
                    0,
                    257.29122742607274,
                    188.56975247186568
                ],
                "modal": [
                    1789.7087725739273,
                    0,
                    257.29122742607274,
                    188.56975247186568
                ]
            },
            "3d": {
                "center": [
                    17.270409133535487,
                    -6.732758796598082,
                    3.9923977059545095
                ],
                "dimensions": [
                    5.0078125,
                    1.80859375,
                    1.859375
                ],
                "rotation": [
                    0.9996813932021962,
                    0.024997242805661613,
                    -0.0034988973690441754,
                    8.749075194184492e-05
                ],
                "yaw": 0.037109375
            },
            "label": "car",