{
    "objects": [
        {
            "2d": {
                "amodal": [
                    1097.6181825342808,
                    338.9387417127824,
                    239.28026938398693,
                    191.35895322757995
                ],
                "modal": [
                    1097.6181825342808,
                    338.9387417127824,
                    239.28026938398693,
                    191.35895322757995
                ]
            },
            "3d": {
                "center": [
                    20.927951513533998,
                    -1.2811782806345278,
                    0.8688379991760019
                ],
                "dimensions": [
                    4.2578125,
                    1.7099609375,
                    1.46875
                ],
                "rotation": [
                    0.9996813931896358,
                    0.02499724280597569,
                    -0.0034989009576937113,
                    8.749066220691097e-05
                ],
                "yaw": -1.7060546875
            },
            "label": "car",
            "score": 0.7919921875
        },
        {
            "2d": {
                "amodal": [
                    681.5773784442191,
                    363.574951495334,
                    182.7972580442456,
                    134.51278622698197
                ],
                "modal": [
                    681.5773784442191,
                    363.574951495334,
                    182.7972580442456,
                    134.51278622698197
                ]
            },
            "3d": {
                "center": [
                    30.056198958000877,
                    3.4575629695781998,
                    0.822425386999206
                ],
                "dimensions": [
                    4.359375,
                    1.755859375,
                    1.541015625
                ],
                "rotation": [
                    0.9996813932021962,
                    0.024997242805661613,
                    -0.0034988973690441754,
                    8.749075194184492e-05
                ],
                "yaw": 3.14453125
            },
            "label": "car",
            "score": 0.759765625
        },
        {
            "2d": {
                "amodal": [
                    0,
                    352.277003170559,
                    299.22453993400535,
                    167.68032546633953
                ],
                "modal": [
                    0,
                    352.277003170559,
                    299.22453993400535,
                    167.68032546633953
                ]
            },
            "3d": {
                "center": [
                    25.955469718055422,
                    9.766335227054405,
                    0.786191307226474
                ],
                "dimensions": [
                    4.609375,
                    1.8046875,
                    1.658203125
                ],
                "rotation": [
                    0.9996813932021962,
                    0.024997242805661613,
                    -0.0034988973690441754,
                    8.749075194184492e-05
                ],
                "yaw": 3.08203125
            },
            "label": "car",
            "score": 0.5966796875
        },
        {
            "2d": {
                "amodal": [
                    996.2670394644058,
                    352.67878396495564,
                    129.04248681511194,
                    111.41329132918412
                ],
                "modal": [
                    996.2670394644058,
                    352.67878396495564,
                    129.04248681511194,
                    111.41329132918412
                ]
            },
            "3d": {
                "center": [
                    34.48817730939728,
                    -0.03449556497585607,
                    1.119847056605409
                ],
                "dimensions": [
                    4.25,
                    1.7421875,
                    1.427734375
                ],
                "rotation": [
                    0.9996813931896358,
                    0.02499724280597569,
                    -0.0034989009576937113,
                    8.749066220691097e-05
                ],
                "yaw": -0.62548828125
            },
            "label": "car",
            "score": 0.3837890625
        },
        {
            "2d": {
                "amodal": [
                    1272.9312580157894,
                    263.0520574658173,
                    423.6110738681991,
                    277.59694925774073
                ],
                "modal": [
                    1272.9312580157894,
                    263.0520574658173,
                    423.6110738681991,
                    277.59694925774073
                ]
            },
            "3d": {
                "center": [
                    15.352282726658427,
                    -2.4268135446400394,
                    1.1060733406067313
                ],
                "dimensions": [
                    4.2109375,
                    1.734375,
                    1.4365234375
                ],
                "rotation": [
                    0.9996813931896358,
                    0.02499724280597569,
                    -0.0034989009576937113,
                    8.749066220691097e-05
                ],
                "yaw": -0.81787109375
            },
            "label": "car",
            "score": 0.10302734375
        },
        {
            "2d": {
                "amodal": [
                    1811.8406358367433,
                    373.17395404356836,
                    168.2747820836205,
                    81.78529906440485
                ],
                "modal": [
                    1811.8406358367433,
                    373.17395404356836,
                    168.2747820836205,
                    81.78529906440485
                ]
            },
            "3d": {
                "center": [
                    46.518531589898494,
                    -16.389321601325527,
                    1.017818863736639
                ],
                "dimensions": [
                    4.22265625,
                    1.7353515625,
                    1.44140625
                ],
                "rotation": [
                    0.9996813931896358,
                    0.02499724280597569,
                    -0.0034989009576937113,
                    8.749066220691097e-05
                ],
                "yaw": -2.25
            },
            "label": "car",
            "score": 0.039703369140625
        },
        {
            "2d": {
                "amodal": [
                    1296.8936171063008,
                    298.95207560240425,
                    404.34503283011964,
                    281.6662429548391
                ],
                "modal": [
                    1296.8936171063008,
                    298.95207560240425,
                    404.34503283011964,
                    281.6662429548391
                ]
            },
            "3d": {
                "center": [
                    16.492305233971777,
                    -2.727047186408147,
                    0.8877454309002913
                ],
                "dimensions": [
                    4.5390625,
                    1.7314453125,
                    1.58203125
                ],
                "rotation": [
                    0.9996813931896358,
                    0.02499724280597569,
                    -0.0034989009576937113,
                    8.749066220691097e-05
                ],
                "yaw": -0.8330078125
            },
            "label": "car",