{
    "objects": [
        {
            "2d": {
                "amodal": [
                    944.5712784347124,
                    407.7136494699762,
                    45.82095582561567,
                    39.675278375061225
                ],
                "modal": [
                    944.5712784347124,
                    407.7136494699762,
                    45.82095582561567,
                    39.675278375061225
                ]
            },
            "3d": {
                "center": [
                    95.35095492702642,
                    3.8831807335331168,
                    0.3359921227833398
                ],
                "dimensions": [
                    4.234375,
                    1.7392578125,
                    1.494140625
                ],
                "rotation": [
                    0.9996813931896358,
                    0.02499724280597569,
                    -0.0034989009576937113,
                    8.749066220691097e-05
                ],
                "yaw": -1.2431640625
            },
            "label": "car",
            "score": 0.57763671875
        },
        {
            "2d": {
                "amodal": [
                    475.27602092195394,
                    470.3401769457006,
                    64.06307978941896,
                    34.57224275101538
                ],
                "modal": [
                    475.27602092195394,
                    470.3401769457006,
                    64.06307978941896,
                    34.57224275101538
                ]
            },
            "3d": {
                "center": [
                    95.09196774480816,
                    22.86328103696033,
                    -2.18432990567665
                ],
                "dimensions": [
                    4.046875,
                    1.677734375,
                    1.396484375
                ],
                "rotation": [
                    0.9996813931896358,
                    0.02499724280597569,
                    -0.0034989009576937113,
                    8.749066220691097e-05
                ],
                "yaw": -0.84912109375
            },
            "label": "car",
            "score": 0.293701171875
        },
        {
            "2d": {
                "amodal": [
                    1114.5866164503643,
                    408.76740344465827,
                    43.75804713340699,
                    37.66357116613415
                ],
                "modal": [
                    1114.5866164503643,
                    408.76740344465827,
                    43.75804713340699,
                    37.66357116613415
                ]
            },
            "3d": {
                "center": [
                    95.39948101985424,
                    -3.0490050139492504,
                    0.3359921227833398
                ],
                "dimensions": [
                    3.984375,
                    1.6513671875,
                    1.419921875
                ],
                "rotation": [
                    0.9996813931896358,
                    0.02499724280597569,
                    -0.0034989009576937113,
                    8.749066220691097e-05
                ],
                "yaw": -0.8369140625
            },
            "label": "car",
            "score": 0.13720703125
        },
        {
            "2d": {
                "amodal": [
                    1027.58798551283,
                    742.3971402416896,
                    343.8003439654078,
                    280.6028597583104
                ],
                "modal": [
                    1027.58798551283,
                    742.3971402416896,
                    343.8003439654078,
                    280.6028597583104
                ]
            },
            "3d": {
                "center": [
                    15.19506727309683,
                    -0.7703941526027204,
                    -1.8038345237174098
                ],
                "dimensions": [
                    4.2421875,
                    1.7431640625,
                    1.455078125
                ],
                "rotation": [
                    0.9996813932021962,
                    0.024997242805661613,
                    -0.0034988973690441754,
                    8.749075194184492e-05
                ],
                "yaw": 3.14453125
            },
            "label": "car",
            "score": 0.019561767578125
        },
        {
            "2d": {
                "amodal": [
                    1405.5008368256567,
                    179.60986077388142,
                    149.42073733779466,
                    121.90858689945193
                ],
                "modal": [
                    1405.5008368256567,
                    179.60986077388142,
                    149.42073733779466,
                    121.90858689945193
                ]
            },
            "3d": {
                "center": [
                    42.42306417150594,
                    -7.439888574992376,
                    4.156898731712689
                ],
                "dimensions": [
                    4.5625,
                    1.7978515625,
                    1.6455078125
                ],
                "rotation": [
                    0.9996813932021962,
                    0.024997242805661613,
                    -0.0034988973690441754,
                    8.749075194184492e-05
                ],
                "yaw": 2.75390625
            },
            "label": "car",
            "score": 0.0173797607421875
        },
        {
            "2d": {
                "amodal": [
                    0,
                    188.1604512015189,
                    207.06539054869026,
                    242.521328520134
                ],
                "modal": [
                    0,
                    188.1604512015189,
                    207.06539054869026,
                    242.521328520134
                ]
            },
            "3d": {
                "center": [
                    20.233496036421094,
                    8.598866058341864,
                    1.8779623746627214
                ],
                "dimensions": [
                    4.45703125,
                    1.73046875,
                    1.599609375
                ],
                "rotation": [
                    0.9996813932021962,
                    0.024997242805661613,
                    -0.0034988973690441754,
                    8.749075194184492e-05
                ],
                "yaw": 3.12890625
            },
            "label": "car",
            "score": 0.01363372802734375
        },
        {
            "2d": {
                "amodal": [
                    809.5630323248802,
                    415.6775159906874,
                    51.70656975396139,
                    39.747553653174464
                ],
                "modal": [
                    809.5630323248802,
                    415.6775159906874,
                    51.70656975396139,
                    39.747553653174464
                ]
            },
            "3d": {
                "center": [
                    95.29601155746707,
                    9.329778426440203,
                    -5.058061159135541e-05
                ],
                "dimensions": [
                    4.2265625,
                    1.736328125,
                    1.5126953125
                ],
                "rotation": [
                    0.9996813931896358,
                    0.02499724280597569,
                    -0.0034989009576937113,
                    8.749066220691097e-05
                ],
                "yaw": -0.9462890625
            },
            "label": "car",