{
    "objects": [
        {
            "2d": {
                "amodal": [
                    841.9755603120924,
                    384.7362412710383,
                    103.1451323376059,
                    82.600480289622
                ],
                "modal": [
                    841.9755603120924,
                    384.7362412710383,
                    103.1451323376059,
                    82.600480289622
                ]
            },
            "3d": {
                "center": [
                    46.36924600955925,
                    3.217681993355852,
                    0.7773390929687374
                ],
                "dimensions": [
                    4.24609375,
                    1.740234375,
                    1.4794921875
                ],
                "rotation": [
                    0.9996813931896358,
                    0.02499724280597569,
                    -0.0034989009576937113,
                    8.749066220691097e-05
                ],
                "yaw": -0.96142578125
            },
            "label": "car",
            "score": 0.95703125
        },
        {
            "2d": {
                "amodal": [
                    404.2555485226254,
                    368.56758868150587,
                    316.07622693034534,
                    194.93448424456085
                ],
                "modal": [
                    404.2555485226254,
                    368.56758868150587,
                    316.07622693034534,
                    194.93448424456085
                ]
            },
            "3d": {
                "center": [
                    20.878879814266536,
                    4.003264403686686,
                    0.6274453547028954
                ],
                "dimensions": [
                    4.3046875,
                    1.75390625,
                    1.494140625
                ],
                "rotation": [
                    0.9996813931896358,
                    0.02499724280597569,
                    -0.0034989009576937113,
                    8.749066220691097e-05
                ],
                "yaw": -0.93359375
            },
            "label": "car",
            "score": 0.93408203125
        },
        {
            "2d": {
                "amodal": [
                    914.2500694625759,
                    386.9172279840814,
                    57.878270920157775,
                    48.79828371640673
                ],
                "modal": [
                    914.2500694625759,
                    386.9172279840814,
                    57.878270920157775,
                    48.79828371640673
                ]
            },
            "3d": {
                "center": [
                    77.46395095022001,
                    3.9226144273624555,
                    1.0409540826391008
                ],
                "dimensions": [
                    4.2421875,
                    1.734375,
                    1.4541015625
                ],
                "rotation": [
                    0.9996813931896358,
                    0.02499724280597569,
                    -0.0034989009576937113,
                    8.749066220691097e-05
                ],
                "yaw": -0.9423828125
            },
            "label": "car",
            "score": 0.87158203125
        },
        {
            "2d": {
                "amodal": [
                    667.5285668876572,
                    393.5786803781047,
                    108.27836850615563,
                    73.66905609962481
                ],
                "modal": [
                    667.5285668876572,
                    393.5786803781047,
                    108.27836850615563,
                    73.66905609962481
                ]
            },
            "3d": {
                "center": [
                    50.74069256905586,
                    7.264219356111755,
                    0.649600111733089
                ],
                "dimensions": [
                    4.2265625,
                    1.732421875,
                    1.455078125
                ],
                "rotation": [
                    0.9996813931896358,
                    0.02499724280597569,
                    -0.0034989009576937113,
                    8.749066220691097e-05
                ],
                "yaw": -0.9365234375
            },
            "label": "car",
            "score": 0.79248046875
        },
        {
            "2d": {
                "amodal": [
                    748.3259478209658,
                    357.90208898733425,
                    68.6699973624311,
                    81.03547130592978
                ],
                "modal": [
                    748.3259478209658,
                    357.90208898733425,
                    68.6699973624311,
                    81.03547130592978
                ]
            },
            "3d": {
                "center": [
                    95.35666248025984,
                    11.475985984384002,
                    1.5121433376636004
                ],
                "dimensions": [
                    7.30078125,
                    1.9775390625,
                    3.01171875
                ],
                "rotation": [
                    0.9996813931896358,
                    0.02499724280597569,
                    -0.0034989009576937113,
                    8.749066220691097e-05
                ],
                "yaw": -0.880859375
            },
            "label": "car",
            "score": 0.78466796875
        },
        {
            "2d": {
                "amodal": [
                    762.6552729221222,
                    400.013202698882,
                    64.91576975778446,
                    46.697716116977006
                ],
                "modal": [
                    762.6552729221222,
                    400.013202698882,
                    64.91576975778446,
                    46.697716116977006
                ]
            },
            "3d": {
                "center": [
                    77.40897636913957,
                    8.861589823658214,
                    0.633280375226746
                ],
                "dimensions": [
                    4.13671875,
                    1.7041015625,
                    1.41015625
                ],
                "rotation": [
                    0.9996813931896358,
                    0.02499724280597569,
                    -0.0034989009576937113,
                    8.749066220691097e-05
                ],
                "yaw": -0.8779296875
            },
            "label": "car",
            "score": 0.1689453125
        },
        {
            "2d": {
                "amodal": [
                    826.9704806222708,
                    375.0102501521139,
                    64.16418814944927,
                    56.31649695677544
                ],
                "modal": [
                    826.9704806222708,
                    375.0102501521139,
                    64.16418814944927,
                    56.31649695677544
                ]
            },
            "3d": {
                "center": [
                    78.876316574277,
                    6.8537953035439525,
                    1.3152215959316165
                ],
                "dimensions": [
                    4.5546875,
                    1.80078125,
                    1.7138671875
                ],
                "rotation": [
                    0.9996813931896358,
                    0.02499724280597569,
                    -0.0034989009576937113,
                    8.749066220691097e-05
                ],
                "yaw": -0.88916015625
            },
            "label": "car",