{
    "objects": [
        {
            "2d": {
                "amodal": [
                    1367.5645320521492,
                    280.2534605311617,
                    518.5316657415217,
                    336.06551300009727
                ],
                "modal": [
                    1367.5645320521492,
                    280.2534605311617,
                    518.5316657415217,
                    336.06551300009727
                ]
            },
            "3d": {
                "center": [
                    13.652265250181495,
                    -2.695966830498976,
                    1.0453534614220836
                ],
                "dimensions": [
                    4.3359375,
                    1.7353515625,
                    1.458984375
                ],
                "rotation": [
                    0.9997719831530731,
                    0.018997953821373738,
                    0.00974808393550871,
                    -0.00018523595356139603
                ],
                "yaw": -0.9130859375
            },
            "label": "car",
            "score": 0.90234375
        },
        {
            "2d": {
                "amodal": [
                    1665.4033250270415,
                    392.3874809412726,
                    248.0620312050653,
                    126.47582147361283
                ],
                "modal": [
                    1665.4033250270415,
                    392.3874809412726,
                    248.0620312050653,
                    126.47582147361283
                ]
            },
            "3d": {
                "center": [
                    29.063292552154532,
                    -8.74487620417066,
                    0.8194742891176722
                ],
                "dimensions": [
                    4.1875,
                    1.736328125,
                    1.419921875
                ],
                "rotation": [
                    0.9997719831530731,
                    0.018997953821373738,
                    0.00974808393550871,
                    -0.00018523595356139603
                ],
                "yaw": -1.0390625
            },
            "label": "car",
            "score": 0.75146484375
        },
        {
            "2d": {
                "amodal": [
                    1595.542280950309,
                    386.11376210848874,
                    272.5384314031958,
                    146.44582761960697
                ],
                "modal": [
                    1595.542280950309,
                    386.11376210848874,
                    272.5384314031958,
                    146.44582761960697
                ]
            },
            "3d": {
                "center": [
                    25.88053899422341,
                    -7.067876160604158,
                    0.8233210995080185
                ],
                "dimensions": [
                    4.21484375,
                    1.74609375,
                    1.435546875
                ],
                "rotation": [
                    0.9997719831530731,
                    0.018997953821373738,
                    0.00974808393550871,
                    -0.00018523595356139603
                ],
                "yaw": -0.953125
            },
            "label": "car",
            "score": 0.0574951171875
        },
        {
            "2d": {
                "amodal": [
                    1965.8196535859554,
                    0,
                    81.1803464140446,
                    82.3114982967492
                ],
                "modal": [
                    1965.8196535859554,
                    0,
                    81.1803464140446,
                    82.3114982967492
                ]
            },
            "3d": {
                "center": [
                    95.25161500940222,
                    -40.5796314633559,
                    18.5210487360712
                ],
                "dimensions": [
                    9.984375,
                    1.97265625,
                    4.2421875
                ],
                "rotation": [
                    0.9997719831530731,
                    0.018997953821373738,
                    0.00974808393550871,
                    -0.00018523595356139603
                ],
                "yaw": -0.90869140625
            },
            "label": "car",
            "score": 0.029754638671875
        },
        {
            "2d": {
                "amodal": [
                    219.94443539981845,
                    556.8662009428998,
                    78.37114114646025,
                    39.13654142881933
                ],
                "modal": [
                    219.94443539981845,
                    556.8662009428998,
                    78.37114114646025,
                    39.13654142881933
                ]
            },
            "3d": {
                "center": [
                    95.79280755073557,
                    32.89784931755809,
                    -4.931614670227322
                ],
                "dimensions": [
                    4.15625,
                    1.703125,
                    1.5009765625
                ],
                "rotation": [
                    0.9997719831180796,
                    0.0189979538220387,
                    0.009748087524483445,
                    -0.00018523588536266928
                ],
                "yaw": 3.140625
            },
            "label": "car",
            "score": 0.0248870849609375
        },
        {
            "2d": {
                "amodal": [
                    1685.7573003711602,
                    384.0540135396988,
                    256.56519045085815,
                    134.1889916427254
                ],
                "modal": [
                    1685.7573003711602,
                    384.0540135396988,
                    256.56519045085815,
                    134.1889916427254
                ]
            },
            "3d": {
                "center": [
                    29.059445382132633,
                    -9.036841339899198,
                    0.8680435485906183
                ],
                "dimensions": [
                    4.30859375,
                    1.755859375,
                    1.5029296875
                ],
                "rotation": [
                    0.9997719831530731,
                    0.018997953821373738,
                    0.00974808393550871,
                    -0.00018523595356139603
                ],
                "yaw": -0.95751953125
            },
            "label": "car",
            "score": 0.0200653076171875
        },
        {
            "2d": {
                "amodal": [
                    811.9275457613701,
                    541.3854158745864,
                    107.22984289216697,
                    80.93916314143712
                ],
                "modal": [
                    811.9275457613701,
                    541.3854158745864,
                    107.22984289216697,
                    80.93916314143712
                ]
            },
            "3d": {
                "center": [
                    48.52613325800941,
                    3.927031766642186,
                    -1.9402830810709577
                ],
                "dimensions": [
                    4.29296875,
                    1.7802734375,
                    1.54296875
                ],
                "rotation": [
                    0.9997719831180796,
                    0.0189979538220387,
                    0.009748087524483445,
                    -0.00018523588536266928
                ],
                "yaw": 2.70703125
            },
            "label": "car",