{
    "objects": [
        {
            "2d": {
                "amodal": [
                    1110.7344364276905,
                    375.56827010321456,
                    132.35106396230026,
                    134.85744469749216
                ],
                "modal": [
                    1110.7344364276905,
                    375.56827010321456,
                    132.35106396230026,
                    134.85744469749216
                ]
            },
            "3d": {
                "center": [
                    35.352073160542524,
                    -1.6728564913672423,
                    0.9083244125879301
                ],
                "dimensions": [
                    4.99609375,
                    1.79296875,
                    1.849609375
                ],
                "rotation": [
                    0.9997719831180796,
                    0.0189979538220387,
                    0.009748087524483445,
                    -0.00018523588536266928
                ],
                "yaw": 2.283203125
            },
            "label": "car",
            "score": 0.56982421875
        },
        {
            "2d": {
                "amodal": [
                    1016.5028477624003,
                    86.98063225045455,
                    61.02162131052319,
                    79.46980300158249
                ],
                "modal": [
                    1016.5028477624003,
                    86.98063225045455,
                    61.02162131052319,
                    79.46980300158249
                ]
            },
            "3d": {
                "center": [
                    70.92889352116983,
                    0.23995578763501832,
                    10.297267489817763
                ],
                "dimensions": [
                    4.44921875,
                    1.7578125,
                    1.6552734375
                ],
                "rotation": [
                    0.9997719831180796,
                    0.0189979538220387,
                    0.009748087524483445,
                    -0.00018523588536266928
                ],
                "yaw": 3.140625
            },
            "label": "car",
            "score": 0.06097412109375
        },
        {
            "2d": {
                "amodal": [
                    1647.7144831104324,
                    0,
                    399.2855168895676,
                    324.3573141300174
                ],
                "modal": [
                    1647.7144831104324,
                    0,
                    399.2855168895676,
                    324.3573141300174
                ]
            },
            "3d": {
                "center": [
                    13.680714203938106,
                    -4.458088404009311,
                    2.6972615188407825
                ],
                "dimensions": [
                    4.40234375,
                    1.732421875,
                    1.501953125
                ],
                "rotation": [
                    0.9997719831530731,
                    0.018997953821373738,
                    0.00974808393550871,
                    -0.00018523595356139603
                ],
                "yaw": -0.4345703125
            },
            "label": "car",
            "score": 0.0194244384765625
        },
        {
            "2d": {
                "amodal": [
                    414.76090277105885,
                    49.481607572817104,
                    453.8938242847527,
                    360.2522943193412
                ],
                "modal": [
                    414.76090277105885,
                    49.481607572817104,
                    453.8938242847527,
                    360.2522943193412
                ]
            },
            "3d": {
                "center": [
                    14.859388178764247,
                    2.2523961475206327,
                    2.1828340494336675
                ],
                "dimensions": [
                    4.41015625,
                    1.734375,
                    1.5263671875
                ],
                "rotation": [
                    0.9997719831180796,
                    0.0189979538220387,
                    0.009748087524483445,
                    -0.00018523588536266928
                ],
                "yaw": 0.85888671875
            },
            "label": "car",
            "score": 0.0188751220703125
        },
        {
            "2d": {
                "amodal": [
                    1963.2339155766563,
                    0,
                    83.76608442334373,
                    79.93293576715496
                ],
                "modal": [
                    1963.2339155766563,
                    0,
                    83.76608442334373,
                    79.93293576715496
                ]
            },
            "3d": {
                "center": [
                    95.25484170317193,
                    -40.4141809620267,
                    18.5210487360712
                ],
                "dimensions": [
                    9.71875,
                    1.96875,
                    4.0859375
                ],
                "rotation": [
                    0.9997719831180796,
                    0.0189979538220387,
                    0.009748087524483445,
                    -0.00018523588536266928
                ],
                "yaw": 0.3916015625
            },
            "label": "car",
            "score": 0.0156707763671875
        },
        {
            "2d": {
                "amodal": [
                    1185.743374694505,
                    204.18901995353093,
                    271.8012673780013,
                    268.73233009328607
                ],
                "modal": [
                    1185.743374694505,
                    204.18901995353093,
                    271.8012673780013,
                    268.73233009328607
                ]
            },
            "3d": {
                "center": [
                    20.909568791940018,
                    -2.0327462273206987,
                    1.821795392612006
                ],
                "dimensions": [
                    4.98828125,
                    1.8125,
                    1.89453125
                ],
                "rotation": [
                    0.9997719831530731,
                    0.018997953821373738,
                    0.00974808393550871,
                    -0.00018523595356139603
                ],
                "yaw": -1.1279296875
            },
            "label": "car",
            "score": 0.01450347900390625
        },
        {
            "2d": {
                "amodal": [
                    1603.4700586218758,
                    527.3738316267057,
                    443.52994137812425,
                    354.2830042008567
                ],
                "modal": [
                    1603.4700586218758,
                    527.3738316267057,
                    443.52994137812425,
                    354.2830042008567
                ]
            },
            "3d": {
                "center": [
                    13.580636712865756,
                    -4.1802285485694295,
                    -0.0770967458327323
                ],
                "dimensions": [
                    4.40625,
                    1.7353515625,
                    1.5048828125
                ],
                "rotation": [
                    0.9997719831530731,
                    0.018997953821373738,
                    0.00974808393550871,
                    -0.00018523595356139603
                ],
                "yaw": -0.517578125
            },
            "label": "car",