{
    "objects": [
        {
            "2d": {
                "amodal": [
                    976.9944672037557,
                    387.0548501251658,
                    45.00533941276228,
                    40.97464063805114
                ],
                "modal": [
                    976.9944672037557,
                    387.0548501251658,
                    45.00533941276228,
                    40.97464063805114
                ]
            },
            "3d": {
                "center": [
                    95.45954012745787,
                    2.284333253858843,
                    2.005088443656314
                ],
                "dimensions": [
                    4.18359375,
                    1.681640625,
                    1.498046875
                ],
                "rotation": [
                    0.9997719831530731,
                    0.018997953821373738,
                    0.00974808393550871,
                    -0.00018523595356139603
                ],
                "yaw": -0.90478515625
            },
            "label": "car",
            "score": 0.02508544921875
        },
        {
            "2d": {
                "amodal": [
                    1896.9761375431726,
                    0,
                    150.02386245682737,
                    132.97926363756494
                ],
                "modal": [
                    1896.9761375431726,
                    0,
                    150.02386245682737,
                    132.97926363756494
                ]
            },
            "3d": {
                "center": [
                    43.17764803598227,
                    -17.78804018440186,
                    8.890175566784407
                ],
                "dimensions": [
                    8.0,
                    1.9775390625,
                    3.236328125
                ],
                "rotation": [
                    0.9997719831180796,
                    0.0189979538220387,
                    0.009748087524483445,
                    -0.00018523588536266928
                ],
                "yaw": 3.05859375
            },
            "label": "car",
            "score": 0.0233306884765625
        },
        {
            "2d": {
                "amodal": [
                    0,
                    419.54499466366207,
                    491.7021204933865,
                    382.70871460365487
                ],
                "modal": [
                    0,
                    419.54499466366207,
                    491.7021204933865,
                    382.70871460365487
                ]
            },
            "3d": {
                "center": [
                    13.767618658960306,
                    4.581513044324803,
                    0.346469361984467
                ],
                "dimensions": [
                    4.640625,
                    1.7685546875,
                    1.6357421875
                ],
                "rotation": [
                    0.9997719831180796,
                    0.0189979538220387,
                    0.009748087524483445,
                    -0.00018523588536266928
                ],
                "yaw": 3.09765625
            },
            "label": "car",
            "score": 0.021240234375
        },
        {
            "2d": {
                "amodal": [
                    155.83661517253063,
                    112.43586734348705,
                    504.2248151560358,
                    323.70411555006683
                ],
                "modal": [
                    155.83661517253063,
                    112.43586734348705,
                    504.2248151560358,
                    323.70411555006683
                ]
            },
            "3d": {
                "center": [
                    15.434765460850986,
                    3.7402983677173536,
                    1.9832433754974996
                ],
                "dimensions": [
                    4.328125,
                    1.7177734375,
                    1.490234375
                ],
                "rotation": [
                    0.9997719831180796,
                    0.0189979538220387,
                    0.009748087524483445,
                    -0.00018523588536266928
                ],
                "yaw": 3.13671875
            },
            "label": "car",
            "score": 0.020416259765625
        },
        {
            "2d": {
                "amodal": [
                    0,
                    89.4812531366252,
                    321.52689638988977,
                    202.89319899102253
                ],
                "modal": [
                    0,
                    89.4812531366252,
                    321.52689638988977,
                    202.89319899102253
                ]
            },
            "3d": {
                "center": [
                    25.534444748718744,
                    9.303981325384376,
                    3.5777062576999903
                ],
                "dimensions": [
                    4.2109375,
                    1.751953125,
                    1.509765625
                ],
                "rotation": [
                    0.9997719831180796,
                    0.0189979538220387,
                    0.009748087524483445,
                    -0.00018523588536266928
                ],
                "yaw": 3.13671875
            },
            "label": "car",
            "score": 0.0165863037109375
        },
        {
            "2d": {
                "amodal": [
                    1269.0218282803955,
                    87.06104146343765,
                    430.0713021959791,
                    344.16744483557886
                ],
                "modal": [
                    1269.0218282803955,
                    87.06104146343765,
                    430.0713021959791,
                    344.16744483557886
                ]
            },
            "3d": {
                "center": [
                    14.766752875703402,
                    -2.1827971929600385,
                    2.021414365861281
                ],
                "dimensions": [
                    4.3828125,
                    1.734375,
                    1.494140625
                ],
                "rotation": [
                    0.9997719831530731,
                    0.018997953821373738,
                    0.00974808393550871,
                    -0.00018523595356139603
                ],
                "yaw": -1.0771484375
            },
            "label": "car",
            "score": 0.01312255859375
        },
        {
            "2d": {
                "amodal": [
                    1259.1355043747606,
                    65.76048759312478,
                    471.791547608414,
                    375.9072514613007
                ],
                "modal": [
                    1259.1355043747606,
                    65.76048759312478,
                    471.791547608414,
                    375.9072514613007
                ]
            },
            "3d": {
                "center": [
                    13.700120930859395,
                    -2.0177412771078407,
                    1.956020722464492
                ],
                "dimensions": [
                    4.37890625,
                    1.732421875,
                    1.490234375
                ],
                "rotation": [
                    0.9997719831530731,
                    0.018997953821373738,
                    0.00974808393550871,
                    -0.00018523595356139603
                ],
                "yaw": -0.892578125
            },
            "label": "car",