{
    "objects": [
        {
            "2d": {
                "amodal": [
                    732.8204710014294,
                    427.7041458474992,
                    127.63283722554536,
                    84.15664736870417
                ],
                "modal": [
                    732.8204710014294,
                    427.7041458474992,
                    127.63283722554536,
                    84.15664736870417
                ]
            },
            "3d": {
                "center": [
                    42.265669822358625,
                    4.62214204825182,
                    0.4168779308025433
                ],
                "dimensions": [
                    4.265625,
                    1.716796875,
                    1.421875
                ],
                "rotation": [
                    0.9997719831180796,
                    0.0189979538220387,
                    0.009748087524483445,
                    -0.00018523588536266928
                ],
                "yaw": 2.283203125
            },
            "label": "car",
            "score": 0.98779296875
        },
        {
            "2d": {
                "amodal": [
                    1036.982899388503,
                    427.2255120561307,
                    44.98837092377494,
                    40.60506473802076
                ],
                "modal": [
                    1036.982899388503,
                    427.2255120561307,
                    44.98837092377494,
                    40.60506473802076
                ]
            },
            "3d": {
                "center": [
                    95.34836084755678,
                    -0.19619992285923468,
                    0.353494105245044
                ],
                "dimensions": [
                    4.3515625,
                    1.7890625,
                    1.5517578125
                ],
                "rotation": [
                    0.9997719831530731,
                    0.018997953821373738,
                    0.00974808393550871,
                    -0.00018523595356139603
                ],
                "yaw": -0.9326171875
            },
            "label": "car",
            "score": 0.9619140625
        },
        {
            "2d": {
                "amodal": [
                    893.4728098008133,
                    425.13429700678233,
                    59.45768853023753,
                    44.53551333802511
                ],
                "modal": [
                    893.4728098008133,
                    425.13429700678233,
                    59.45768853023753,
                    44.53551333802511
                ]
            },
            "3d": {
                "center": [
                    80.38195296851997,
                    4.572209418928207,
                    0.49282498723135837
                ],
                "dimensions": [
                    4.21875,
                    1.740234375,
                    1.421875
                ],
                "rotation": [
                    0.9997719831530731,
                    0.018997953821373738,
                    0.00974808393550871,
                    -0.00018523595356139603
                ],
                "yaw": -0.9052734375
            },
            "label": "car",
            "score": 0.3046875
        },
        {
            "2d": {
                "amodal": [
                    494.9219531662385,
                    384.301520970102,
                    94.29945099685551,
                    83.9630313099762
                ],
                "modal": [
                    494.9219531662385,
                    384.301520970102,
                    94.29945099685551,
                    83.9630313099762
                ]
            },
            "3d": {
                "center": [
                    95.79599415084029,
                    21.146321564931306,
                    1.179291274450679
                ],
                "dimensions": [
                    7.65625,
                    2.0234375,
                    3.17578125
                ],
                "rotation": [
                    0.9997719831530731,
                    0.018997953821373738,
                    0.00974808393550871,
                    -0.00018523595356139603
                ],
                "yaw": -0.89794921875
            },
            "label": "car",
            "score": 0.04534912109375
        },
        {
            "2d": {
                "amodal": [
                    132.8529986918859,
                    381.4368512777485,
                    573.8874914374823,
                    338.85331520066165
                ],
                "modal": [
                    132.8529986918859,
                    381.4368512777485,
                    573.8874914374823,
                    338.85331520066165
                ]
            },
            "3d": {
                "center": [
                    13.749970802929639,
                    3.1810928870768316,
                    0.6006091128317399
                ],
                "dimensions": [
                    4.3671875,
                    1.7373046875,
                    1.46875
                ],
                "rotation": [
                    0.9997719831180796,
                    0.0189979538220387,
                    0.009748087524483445,
                    -0.00018523588536266928
                ],
                "yaw": 3.08203125
            },
            "label": "car",
            "score": 0.0255584716796875
        },
        {
            "2d": {
                "amodal": [
                    1290.8341588143905,
                    401.9094055711865,
                    203.768725022549,
                    158.72789944426728
                ],
                "modal": [
                    1290.8341588143905,
                    401.9094055711865,
                    203.768725022549,
                    158.72789944426728
                ]
            },
            "3d": {
                "center": [
                    29.14615567326672,
                    -3.927826926227626,
                    0.5280583014952274
                ],
                "dimensions": [
                    4.7109375,
                    1.86328125,
                    1.763671875
                ],
                "rotation": [
                    0.9997719831180796,
                    0.0189979538220387,
                    0.009748087524483445,
                    -0.00018523588536266928
                ],
                "yaw": 3.125
            },
            "label": "car",
            "score": 0.0211639404296875
        },
        {
            "2d": {
                "amodal": [
                    924.7935906184263,
                    384.1560987184058,
                    400.5956571665075,
                    333.33985114562654
                ],
                "modal": [
                    924.7935906184263,
                    384.1560987184058,
                    400.5956571665075,
                    333.33985114562654
                ]
            },
            "3d": {
                "center": [
                    13.682942125294103,
                    -0.25583949934705397,
                    0.6006091128317399
                ],
                "dimensions": [
                    4.34765625,
                    1.740234375,
                    1.4462890625
                ],
                "rotation": [
                    0.9997719831530731,
                    0.018997953821373738,
                    0.00974808393550871,
                    -0.00018523595356139603
                ],
                "yaw": -0.4345703125
            },
            "label": "car",