{
    "objects": [
        {
            "2d": {
                "amodal": [
                    372.8311304952992,
                    279.4817285944962,
                    374.583896989066,
                    227.97330962679462
                ],
                "modal": [
                    372.8311304952992,
                    279.4817285944962,
                    374.583896989066,
                    227.97330962679462
                ]
            },
            "3d": {
                "center": [
                    18.37948263677966,
                    3.5373221295470154,
                    1.3591665395198913
                ],
                "dimensions": [
                    4.23046875,
                    1.7431640625,
                    1.4462890625
                ],
                "rotation": [
                    0.9997719831530731,
                    0.018997953821373738,
                    0.00974808393550871,
                    -0.00018523595356139603
                ],
                "yaw": -1.1396484375
            },
            "label": "car",
            "score": 0.2410888671875
        },
        {
            "2d": {
                "amodal": [
                    428.80460311457733,
                    302.9276796597916,
                    315.6081104170199,
                    196.48977316649967
                ],
                "modal": [
                    428.80460311457733,
                    302.9276796597916,
                    315.6081104170199,
                    196.48977316649967
                ]
            },
            "3d": {
                "center": [
                    21.007423118557817,
                    3.9100785109181833,
                    1.3472340608998694
                ],
                "dimensions": [
                    4.234375,
                    1.724609375,
                    1.45703125
                ],
                "rotation": [
                    0.9997719831180796,
                    0.0189979538220387,
                    0.009748087524483445,
                    -0.00018523588536266928
                ],
                "yaw": 2.279296875
            },
            "label": "car",
            "score": 0.18212890625
        },
        {
            "2d": {
                "amodal": [
                    437.96621683243745,
                    280.60453610856985,
                    358.7165780862398,
                    226.19414870165792
                ],
                "modal": [
                    437.96621683243745,
                    280.60453610856985,
                    358.7165780862398,
                    226.19414870165792
                ]
            },
            "3d": {
                "center": [
                    18.371475051225996,
                    3.1267287671642148,
                    1.3591665395198913
                ],
                "dimensions": [
                    4.1953125,
                    1.7412109375,
                    1.435546875
                ],
                "rotation": [
                    0.9997719831530731,
                    0.018997953821373738,
                    0.00974808393550871,
                    -0.00018523595356139603
                ],
                "yaw": -1.263671875
            },
            "label": "car",
            "score": 0.1268310546875
        },
        {
            "2d": {
                "amodal": [
                    355.31653929302524,
                    306.28360305218393,
                    326.3014151571955,
                    190.91624991183636
                ],
                "modal": [
                    355.31653929302524,
                    306.28360305218393,
                    326.3014151571955,
                    190.91624991183636
                ]
            },
            "3d": {
                "center": [
                    21.018681291399094,
                    4.487347527928301,
                    1.3472340608998694
                ],
                "dimensions": [
                    4.12890625,
                    1.71484375,
                    1.416015625
                ],
                "rotation": [
                    0.9997719831180796,
                    0.0189979538220387,
                    0.009748087524483445,
                    -0.00018523588536266928
                ],
                "yaw": 3.091796875
            },
            "label": "car",
            "score": 0.09075927734375
        },
        {
            "2d": {
                "amodal": [
                    1977.7021937749714,
                    275.39531840398183,
                    69.29780622502858,
                    63.20899000319679
                ],
                "modal": [
                    1977.7021937749714,
                    275.39531840398183,
                    69.29780622502858,
                    63.20899000319679
                ]
            },
            "3d": {
                "center": [
                    63.6248188950431,
                    -26.957253645819637,
                    4.489240713412771
                ],
                "dimensions": [
                    3.94140625,
                    1.6748046875,
                    1.37890625
                ],
                "rotation": [
                    0.9997719831530731,
                    0.018997953821373738,
                    0.00974808393550871,
                    -0.00018523595356139603
                ],
                "yaw": -0.8505859375
            },
            "label": "car",
            "score": 0.047943115234375
        },
        {
            "2d": {
                "amodal": [
                    1606.4851372911319,
                    374.68763149870045,
                    440.5148627088681,
                    293.2254466363293
                ],
                "modal": [
                    1606.4851372911319,
                    374.68763149870045,
                    440.5148627088681,
                    293.2254466363293
                ]
            },
            "3d": {
                "center": [
                    15.22203389017015,
                    -4.590006570073815,
                    0.6612360014473473
                ],
                "dimensions": [
                    4.33984375,
                    1.73828125,
                    1.482421875
                ],
                "rotation": [
                    0.9997719831180796,
                    0.0189979538220387,
                    0.009748087524483445,
                    -0.00018523588536266928
                ],
                "yaw": 3.125
            },
            "label": "car",
            "score": 0.01666259765625
        },
        {
            "2d": {
                "amodal": [
                    1787.667899892825,
                    0,
                    259.33210010717494,
                    202.50144600923608
                ],
                "modal": [
                    1787.667899892825,
                    0,
                    259.33210010717494,
                    202.50144600923608
                ]
            },
            "3d": {
                "center": [
                    17.056425279898807,
                    -6.6314480370045485,
                    4.113986637982471
                ],
                "dimensions": [
                    5.33203125,
                    1.853515625,
                    2.015625
                ],
                "rotation": [
                    0.9997719831180796,
                    0.0189979538220387,
                    0.009748087524483445,
                    -0.00018523588536266928
                ],
                "yaw": 0.03125
            },
            "label": "car",