{
    "objects": [
        {
            "2d": {
                "amodal": [
                    0,
                    362.11375918823137,
                    353.95852406398654,
                    299.32218150672657
                ],
                "modal": [
                    0,
                    362.11375918823137,
                    353.95852406398654,
                    299.32218150672657
                ]
            },
            "3d": {
                "center": [
                    14.871744360067618,
                    5.718561415520073,
                    0.7300572203707696
                ],
                "dimensions": [
                    4.3203125,
                    1.74609375,
                    1.44140625
                ],
                "rotation": [
                    0.9997719831530731,
                    0.018997953821373738,
                    0.00974808393550871,
                    -0.00018523595356139603
                ],
                "yaw": -1.4013671875
            },
            "label": "car",
            "score": 0.87353515625
        },
        {
            "2d": {
                "amodal": [
                    1209.4818274859024,
                    409.2474962693951,
                    54.69336043988915,
                    59.69630614567802
                ],
                "modal": [
                    1209.4818274859024,
                    409.2474962693951,
                    54.69336043988915,
                    59.69630614567802
                ]
            },
            "3d": {
                "center": [
                    95.21894196170125,
                    -7.476273754691178,
                    0.6838129729272964
                ],
                "dimensions": [
                    5.671875,
                    1.912109375,
                    2.28125
                ],
                "rotation": [
                    0.9997719831530731,
                    0.018997953821373738,
                    0.00974808393550871,
                    -0.00018523595356139603
                ],
                "yaw": -0.91552734375
            },
            "label": "car",
            "score": 0.74609375
        },
        {
            "2d": {
                "amodal": [
                    708.6795179746834,
                    394.99939019079557,
                    75.70590923634177,
                    78.94069577978036
                ],
                "modal": [
                    708.6795179746834,
                    394.99939019079557,
                    75.70590923634177,
                    78.94069577978036
                ]
            },
            "3d": {
                "center": [
                    95.61887682558991,
                    12.708582234907103,
                    0.848972406768423
                ],
                "dimensions": [
                    7.2578125,
                    2.0078125,
                    3.009765625
                ],
                "rotation": [
                    0.9997719831530731,
                    0.018997953821373738,
                    0.00974808393550871,
                    -0.00018523595356139603
                ],
                "yaw": -0.89892578125
            },
            "label": "car",
            "score": 0.6220703125
        },
        {
            "2d": {
                "amodal": [
                    697.3504957367239,
                    430.6571951376721,
                    75.10989295305228,
                    49.25014108835421
                ],
                "modal": [
                    697.3504957367239,
                    430.6571951376721,
                    75.10989295305228,
                    49.25014108835421
                ]
            },
            "3d": {
                "center": [
                    74.83844564863129,
                    10.308180897313985,
                    0.28776773309678116
                ],
                "dimensions": [
                    4.25,
                    1.740234375,
                    1.4765625
                ],
                "rotation": [
                    0.9997719831530731,
                    0.018997953821373738,
                    0.00974808393550871,
                    -0.00018523595356139603
                ],
                "yaw": -0.9306640625
            },
            "label": "car",
            "score": 0.28955078125
        },
        {
            "2d": {
                "amodal": [
                    0,
                    331.6262805901696,
                    357.7350413763733,
                    312.1668685865628
                ],
                "modal": [
                    0,
                    331.6262805901696,
                    357.7350413763733,
                    312.1668685865628
                ]
            },
            "3d": {
                "center": [
                    14.87612702763579,
                    5.718475942668535,
                    0.8453569789658751
                ],
                "dimensions": [
                    4.41015625,
                    1.767578125,
                    1.4970703125
                ],
                "rotation": [
                    0.9997719831530731,
                    0.018997953821373738,
                    0.00974808393550871,
                    -0.00018523595356139603
                ],
                "yaw": -0.99755859375
            },
            "label": "car",
            "score": 0.14404296875
        },
        {
            "2d": {
                "amodal": [
                    1080.155518483808,
                    389.1227331292843,
                    64.995860907934,
                    82.3223712096136
                ],
                "modal": [
                    1080.155518483808,
                    389.1227331292843,
                    64.995860907934,
                    82.3223712096136
                ]
            },
            "3d": {
                "center": [
                    70.54014596519038,
                    -1.6994972640114951,
                    1.0686407884845337
                ],
                "dimensions": [
                    5.73828125,
                    1.89453125,
                    2.291015625
                ],
                "rotation": [
                    0.9997719831530731,
                    0.018997953821373738,
                    0.00974808393550871,
                    -0.00018523595356139603
                ],
                "yaw": -0.88818359375
            },
            "label": "car",
            "score": 0.04052734375
        },
        {
            "2d": {
                "amodal": [
                    174.95222887281673,
                    366.5091056536773,
                    95.39243321847258,
                    57.356482942911896
                ],
                "modal": [
                    174.95222887281673,
                    366.5091056536773,
                    95.39243321847258,
                    57.356482942911896
                ]
            },
            "3d": {
                "center": [
                    96.10435308591825,
                    34.381396004820395,
                    2.50056846831877
                ],
                "dimensions": [
                    5.3046875,
                    1.896484375,
                    2.09375
                ],
                "rotation": [
                    0.9997719831180796,
                    0.0189979538220387,
                    0.009748087524483445,
                    -0.00018523588536266928
                ],
                "yaw": 2.99609375
            },
            "label": "car",