{
    "objects": [
        {
            "2d": {
                "amodal": [
                    649.666789271606,
                    425.57579286684023,
                    59.37544198661794,
                    36.06424492506068
                ],
                "modal": [
                    649.666789271606,
                    425.57579286684023,
                    59.37544198661794,
                    36.06424492506068
                ]
            },
            "3d": {
                "center": [
                    95.66117491233352,
                    15.521489078499076,
                    0.5186535390861702
                ],
                "dimensions": [
                    4.0703125,
                    1.705078125,
                    1.365234375
                ],
                "rotation": [
                    0.9997719831530731,
                    0.018997953821373738,
                    0.00974808393550871,
                    -0.00018523595356139603
                ],
                "yaw": -0.91357421875
            },
            "label": "car",
            "score": 0.93701171875
        },
        {
            "2d": {
                "amodal": [
                    435.55808641959527,
                    421.8751601462556,
                    209.96743482263128,
                    119.79320007538655
                ],
                "modal": [
                    435.55808641959527,
                    421.8751601462556,
                    209.96743482263128,
                    119.79320007538655
                ]
            },
            "3d": {
                "center": [
                    31.906703208643282,
                    6.810227178638309,
                    0.46392604816845195
                ],
                "dimensions": [
                    4.2734375,
                    1.740234375,
                    1.4775390625
                ],
                "rotation": [
                    0.9997719831530731,
                    0.018997953821373738,
                    0.00974808393550871,
                    -0.00018523595356139603
                ],
                "yaw": -0.974609375
            },
            "label": "car",
            "score": 0.91455078125
        },
        {
            "2d": {
                "amodal": [
                    613.361738303037,
                    410.8866605141729,
                    67.53473227549114,
                    48.96384351404498
                ],
                "modal": [
                    613.361738303037,
                    410.8866605141729,
                    67.53473227549114,
                    48.96384351404498
                ]
            },
            "3d": {
                "center": [
                    95.69954427082706,
                    16.84484994666451,
                    0.848972406768423
                ],
                "dimensions": [
                    4.828125,
                    1.833984375,
                    1.857421875
                ],
                "rotation": [
                    0.9997719831530731,
                    0.018997953821373738,
                    0.00974808393550871,
                    -0.00018523595356139603
                ],
                "yaw": -0.93212890625
            },
            "label": "car",
            "score": 0.071044921875
        },
        {
            "2d": {
                "amodal": [
                    671.5690709037127,
                    426.24835633853206,
                    55.69388546030052,
                    34.774018492044945
                ],
                "modal": [
                    671.5690709037127,
                    426.24835633853206,
                    55.69388546030052,
                    34.774018492044945
                ]
            },
            "3d": {
                "center": [
                    95.64504144348491,
                    14.6942365718531,
                    0.5186535390861702
                ],
                "dimensions": [
                    3.92578125,
                    1.6142578125,
                    1.31640625
                ],
                "rotation": [
                    0.9997719831530731,
                    0.018997953821373738,
                    0.00974808393550871,
                    -0.00018523595356139603
                ],
                "yaw": -0.87451171875
            },
            "label": "car",
            "score": 0.051849365234375
        },
        {
            "2d": {
                "amodal": [
                    1618.4480866303477,
                    615.7662623243923,
                    428.5519133696523,
                    344.4165734403556
                ],
                "modal": [
                    1618.4480866303477,
                    615.7662623243923,
                    428.5519133696523,
                    344.4165734403556
                ]
            },
            "3d": {
                "center": [
                    15.165336316645677,
                    -4.685252893468219,
                    -0.7809538611528193
                ],
                "dimensions": [
                    4.42578125,
                    1.744140625,
                    1.5341796875
                ],
                "rotation": [
                    0.9997719831180796,
                    0.0189979538220387,
                    0.009748087524483445,
                    -0.00018523588536266928
                ],
                "yaw": 3.109375
            },
            "label": "car",
            "score": 0.028594970703125
        },
        {
            "2d": {
                "amodal": [
                    356.68373378301237,
                    435.9466876636964,
                    107.07598556334312,
                    54.30292115087974
                ],
                "modal": [
                    356.68373378301237,
                    435.9466876636964,
                    107.07598556334312,
                    54.30292115087974
                ]
            },
            "3d": {
                "center": [
                    64.33347636459341,
                    17.734785624067534,
                    0.20402043237056366
                ],
                "dimensions": [
                    4.13671875,
                    1.69140625,
                    1.4013671875
                ],
                "rotation": [
                    0.9997719831530731,
                    0.018997953821373738,
                    0.00974808393550871,
                    -0.00018523595356139603
                ],
                "yaw": -0.95654296875
            },
            "label": "car",
            "score": 0.01983642578125
        },
        {
            "2d": {
                "amodal": [
                    0,
                    552.8101371442701,
                    466.26936396692867,
                    370.95337040446975
                ],
                "modal": [
                    0,
                    552.8101371442701,
                    466.26936396692867,
                    370.95337040446975
                ]
            },
            "3d": {
                "center": [
                    13.747560904557323,
                    4.709246344002348,
                    -0.24652353358742607
                ],
                "dimensions": [
                    4.4375,
                    1.7578125,
                    1.5244140625
                ],
                "rotation": [
                    0.9997719831180796,
                    0.0189979538220387,
                    0.009748087524483445,
                    -0.00018523588536266928
                ],
                "yaw": 3.12109375
            },
            "label": "car",